{"access_token": "ya29.GlxuBjQRlp1_76ogJAgIBkYAA_OJGPxuKV-mVO-0jTmbAsHIxdcMoCEq5qBQX467kmTjGpFuv0W1Rtk17k0O9q6n08rHqbEwokeeB4DtO6iGw1P3dk6wSXkLOeD54A", "client_id": "360471584278-dmsq5e05v2hajv8388gu17t7tar9bnbg.apps.googleusercontent.com", "client_secret": "zFUncM5hxlgWk_boYNgkyk6P", "refresh_token": "1/ZwnzpcnbOEOBf439lyrLCg5sMlJ24aNWLgxCKm2vXYg", "token_expiry": "2018-12-10T10:44:52Z", "token_uri": "https://www.googleapis.com/oauth2/v3/token", "user_agent": null, "revoke_uri": "https://oauth2.googleapis.com/revoke", "id_token": null, "id_token_jwt": null, "token_response": {"access_token": "ya29.GlxuBjQRlp1_76ogJAgIBkYAA_OJGPxuKV-mVO-0jTmbAsHIxdcMoCEq5qBQX467kmTjGpFuv0W1Rtk17k0O9q6n08rHqbEwokeeB4DtO6iGw1P3dk6wSXkLOeD54A", "expires_in": 3600, "scope": "https://www.googleapis.com/auth/spreadsheets.readonly", "token_type": "Bearer"}, "scopes": ["https://www.googleapis.com/auth/spreadsheets.readonly"], "token_info_uri": "https://oauth2.googleapis.com/tokeninfo", "invalid": false, "_class": "OAuth2Credentials", "_module": "oauth2client.client"}